connectance,web.asymmetry,links.per.species,cluster.coefficient,NODF,weighted.NODF,M,interaction.strength.asymmetry,specialisation.asymmetry,linkage.density,weighted.connectance,Shannon.diversity,interaction.evenness,Alatalo.interaction.evenness,H2,number.of.species.HL,number.of.species.LL,cluster.coefficient.HL,cluster.coefficient.LL,weighted.cluster.coefficient.HL,weighted.cluster.coefficient.LL,niche.overlap.horn.HL,niche.overlap.horn.LL,extinction.slope.HL,extinction.slope.LL,robustness.HL,robustness.LL,generality.HL,vulnerability.LL,niche.overlap.bray.HL,niche.overlap.bray.LL,niche.overlap.jaccard.HL,niche.overlap.jaccard.LL,net_size,net_id,links,net_n,type,net_code,assortativity,centr_binary,centralization.w,unique.ints,code_ID,ref,bioregion,country,plant_sp,n_nodes,study
0.362962962962963,-0.19402985074626866,5.850746268656716,0.225,67.21158391449362,52.79227235869778,0.157993045368699,0.09809634320875814,1,16.046510743535087,0.23950016035126995,4.933504710270837,0.7063285728671229,0.655025047736097,0.09933567191857205,27,40,0.9360086551637666,0.4297704829575996,1,0.9675836098747937,0.2822763275639697,0.837756991315559,12.40784358552223,8.23529449516581,0.9240431694891866,0.8637073475887752,27.56012540984468,4.532896077225491,0.09729528742592086,0.5567506043529009,0.05728873653219909,0.4037723488764103,1080,01_01,1,1,ind,ind_01_01,-0.507102130873285,0.621014712197568,0.854959423695866,392,01_01,Quintero et al 2023 Ecology letters,NA,Spain,Pistacia lentiscus,67,ind_01
0.209375,-0.42857142857142855,2.392857142857143,0.0625,63.51605616605616,43.93032153032153,0.239214085023495,0.3030026118837589,-0.4884632049377914,9.152385938776298,0.1634354631924339,3.959126149289455,0.6127285689927574,0.5924512318920641,0.2447040651949046,16,40,0.7633713963493617,0.24295038891638204,0.7583670266833771,0.8203872168049718,0.09229992169426368,0.698449334924562,3.33983512170002,2.56037419654054,0.7645303129038332,0.7130588039761259,15.43513514118105,2.8696367363715476,0.03883194305023753,0.3390878326457345,0.024439752919081337,0.22904358761193955,640,01_02,1,2,ind,ind_01_02,-0.603362863155699,0.788752876526662,0.922156490606314,134,01_02,Quintero et al 2023 Ecology letters,NA,Spain,Pistacia lentiscus,56,ind_01
0.3914285714285714,-0.5555555555555556,3.0444444444444443,0.2571428571428572,72.48350449369471,37.738350728754945,0.0904012750953594,1.1944917230063261,-0.8269230560688821,10.990320656519211,0.24422934792264914,3.653736011773912,0.6237244289784135,0.5490385529461111,0.1779160848407408,10,35,0.9610722756535565,0.38701696770662286,0.8241937955083976,0.9500581118855379,0.1477105035547181,0.9032445653611542,4.336182524781433,5.196378514348245,0.8139940607923053,0.8099834308411635,20.21281715317159,1.767824159866835,0.07298344904478753,0.4458125505423229,0.04183463433268618,0.3194789541479729,350,02_01,1,3,ind,ind_02_01,-0.737422844660921,0.712237760985431,0.92844923177406,137,02_01,Isla et al 2023 PRSB,NA,Spain,Juniperus phoenicea,45,ind_02
0.44,-0.5555555555555556,3.422222222222222,0.2714285714285714,71.68956116221742,38.5110367063492,0.110924802930686,0.6047435841564881,0.05225481403757207,13.940699017903423,0.30979331150896494,4.1713243596668255,0.7120812494205808,0.6632520715965442,0.13305220674102602,10,35,0.9495591870896501,0.44801713315117053,0.9325802233643418,0.9613604253642907,0.2215344401361489,0.9060923166565252,5.2692190529345755,6.80770338889221,0.8370575877828146,0.8378138003542703,25.501566312775225,2.379831723031623,0.09792473242804618,0.5419888251348206,0.05846664734885738,0.4032043637320327,350,02_02,1,4,ind,ind_02_02,-0.729744516672881,0.682195018651627,0.897034533625794,154,02_02,Isla et al 2023 PRSB,NA,Spain,Juniperus phoenicea,45,ind_02
0.38441558441558443,-0.5217391304347826,3.217391304347826,0.17142857142857143,74.34611314611314,41.01261331261331,0.168245151211582,0.4423462502134614,-0.7645956321138643,13.173851137522641,0.28638806820701396,4.298202033380606,0.7219933390972033,0.6502578844632877,0.22670003385920998,11,35,0.8898620994258233,0.42167327691202644,0.8748444148596869,0.9671022239410612,0.1888144207949192,0.8430283550640161,4.368259342391328,7.623474752930592,0.808996716958607,0.8719266971028394,23.61240813554508,2.7352941395002,0.11689444374260423,0.5085544861396711,0.06721855550623816,0.36587822464443387,385,02_03,1,5,ind,ind_02_03,-0.654046927431325,0.70504689786652,0.896165171663804,148,02_03,Isla et al 2023 PRSB,NA,Spain,Juniperus phoenicea,46,ind_02
0.2846153846153846,-0.13043478260869565,1.608695652173913,0.19230769230769232,42.77003484320557,18.950832365466514,0.397208364827412,0.20058044026819596,-0.22827925755835293,3.9288518923827156,0.17081964749490067,3.232374480188144,0.6640681258836507,0.7120396486854439,0.49650371114598335,10,13,0.5728937728937729,0.2866666666666667,0.3804365041654788,0.5767548427410957,0.1520518592688084,0.4520092682008653,3.0923468534143512,2.3658639474601206,0.7518564705592636,0.6950568526657481,5.2183760717937595,2.6393277129716717,0.12715014506680347,0.2842426718651759,0.08507763239333271,0.17951849673181838,130,03_01,1,6,ind,ind_03_01,-0.464465988302219,0.697649942303008,0.859374229511217,37,03_01,Vergara-Tabares et al 2022 Oikos,NA,Argentina,Lithraea molleoides,23,ind_03
0.2357142857142857,-0.16666666666666666,1.375,0.21428571428571427,27.022058823529413,16.29901960784314,0.439897959183673,0.1001082715889807,-0.014561131034140355,3.2213411570667527,0.1342225482111147,3.1666682666075343,0.6408129111323799,0.7094848708537146,0.5823621824887896,10,14,0.35535714285714287,0.2767857142857143,0.20982670342654589,0.373989851531667,0.13023567728047578,0.261123679513107,2.2879026785479177,3.0204743007330612,0.6931322140308771,0.7427266771893863,4.022188232059509,2.420494082073996,0.09790261194396924,0.16234211740183194,0.05738979762130946,0.10005066780876846,140,03_02,1,7,ind,ind_03_02,-0.241397753610269,0.747594059792846,0.914933913877359,33,03_02,Vergara-Tabares et al 2022 Oikos,NA,Argentina,Lithraea molleoides,24,ind_03
0.25274725274725274,-0.037037037037037035,1.7037037037037037,0.14285714285714285,33.836291913214986,14.77317554240631,0.505947062643555,0.06344489685847181,0.1023965725516812,3.5360472315091043,0.130964712278115,3.413105863086212,0.6558611601253396,0.7104292296917244,0.5367825300502888,13,14,0.43021175067104084,0.29259675606230934,0.5526441162458313,0.6193619361936193,0.10910678957162304,0.23175617487940645,3.025917408109135,2.603917375068085,0.7476206196015702,0.7132577922345275,4.176055735236111,2.8960387277820976,0.07427122635549788,0.16837777212081373,0.043074680118409814,0.10025389829082124,182,03_03,1,8,ind,ind_03_03,-0.100167681581502,0.645827828666319,0.826521992539227,46,03_03,Vergara-Tabares et al 2022 Oikos,NA,Argentina,Lithraea molleoides,27,ind_03
0.26282051282051283,-0.04,1.64,0.15384615384615385,42.447916666666664,21.64351851851852,0.373190625220429,0.1471010930065338,0.15609220556052542,4.328150986648922,0.17312603946595687,3.385861086591986,0.6704866597644107,0.7399418894893358,0.4513771729047984,12,13,0.5623239958500075,0.2903018625561978,0.4342591131450213,0.49524328249818445,0.1425996425967883,0.4066990526740276,3.092067646447079,2.4286591541884945,0.7506494505771628,0.7034405834396635,5.714897898204452,2.941404075093391,0.09116536940617742,0.28752529958230083,0.0552529299365263,0.18341855126055678,156,03_04,1,9,ind,ind_03_04,-0.295930462267878,0.702534822137274,0.840688400867116,41,03_04,Vergara-Tabares et al 2022 Oikos,NA,Argentina,Lithraea molleoides,25,ind_03
0.2196969696969697,-0.043478260869565216,1.2608695652173914,0.16666666666666666,32.24517906336088,14.614325068870523,0.49848235670688,-0.016524445008051412,0.27158955529165546,3.049733746639509,0.1325971194191091,3.061791688660058,0.6270562962009849,0.7523181439315593,0.6138549232096021,11,12,0.32918050941306753,0.35064935064935066,0.28660022148394243,0.24646706586826345,0.18407760758540576,0.17493757215758993,2.0050011889289103,2.1799920369193178,0.6634096336182782,0.6805654298123129,2.8778766668953413,3.221590826383677,0.12805746885810812,0.11982394873064559,0.08052605850746573,0.07717999321994025,132,03_05,1,10,ind,ind_03_05,-0.107443365695793,0.712671294303791,0.905228306214964,29,03_05,Vergara-Tabares et al 2022 Oikos,NA,Argentina,Lithraea molleoides,23,ind_03
0.3246753246753247,-0.2222222222222222,1.3888888888888888,0.2727272727272727,30.13157894736842,14.736842105263158,0.550305678334942,0.16146659679792283,-0.7018836372712495,2.6549936807062218,0.14749964892812342,2.728388603359505,0.628110225571565,0.6825137119437453,0.7161758238646215,7,11,0.45454545454545453,0.3062904174015285,0.28036730212596067,0.5376623376623376,0.13416023363340204,0.30762455931974714,2.1809194334845925,3.032372981028182,0.6872399999901704,0.7404991137459613,3.475502626504358,1.834484734908086,0.1063523004375268,0.19644967391456802,0.0632391953044107,0.1310469961323917,77,03_06,1,11,ind,ind_03_06,-0.397990388816076,0.67213087746294,0.978439451943283,25,03_06,Vergara-Tabares et al 2022 Oikos,NA,Argentina,Lithraea molleoides,18,ind_03
0.28431372549019607,-0.02857142857142857,2.4857142857142858,0.16666666666666666,67.3104749921359,44.045921398862575,0.319642700342038,0.0669608704857696,-0.28596815225681876,5.1794486889972235,0.14798424825706352,3.6144765628665114,0.6315056906611858,0.5739257593482188,0.32029268099630664,17,18,0.6205606972314653,0.4828360574252565,0.7641738591067015,0.774888602700506,0.35567762191143987,0.366622809576001,4.142110348733979,3.753477414650427,0.7842655910919392,0.7785839425075918,6.342702211487184,4.016195166507263,0.159615682390471,0.2107219729538558,0.0975665761936412,0.13228048832835587,306,04_01,1,12,ind,ind_04_01,-0.387276313935465,0.603208831947223,0.922034423467079,87,04_01,Rodriguez-Sanchez 2010 PhD thesis,NA,Spain,Laurus nobilis,35,ind_04
0.5552631578947368,0.02564102564102564,5.410256410256411,0.5789473684210527,76.4461304315875,49.62673400142848,0.241496610931813,0.03041257397051596,0.9377497788724705,7.822167677632345,0.20056840199057296,4.355202533722175,0.7331779419200439,0.5063076658316998,0.18601730806039005,20,19,0.8502391669344069,0.5875452332849203,0.9997077269247086,0.972356258946649,0.33301446399890533,0.5900879755608105,14.568172876316392,11.376777313941972,0.9319539358802189,0.8905224358195384,9.432409604471193,6.211925750793498,0.18519917629432703,0.3656246016802628,0.1108271626428062,0.23667550232825094,380,05_01,1,13,ind,ind_05_01,-0.204706008190701,0.396066038426742,0.881502814716866,210.99999999999997,05_01,Jordano 1995 Ecology,NA,Spain,Prunus mahaleb,39,ind_05
0.20261437908496732,-0.3076923076923077,1.1923076923076923,0.17647058823529413,25.809800664451828,13.565891472868215,0.469960957986131,0.12746232867213456,-0.24917424314140663,3.3752955387701986,0.12981905918346917,3.1332274557750317,0.6228538160565846,0.7697622015724188,0.6266293070625486,9,17,0.3093848226313426,0.27989821882951654,0.16922713306546916,0.4595588235294118,0.1442001283618713,0.249247924207537,1.647008031642661,2.5733589073704195,0.6161247133195904,0.7097143520687874,4.6398350829265915,2.1107559946138057,0.080748167740497,0.1767541028266097,0.04683091730805431,0.12088585110024089,153,06_01,1,14,ind,ind_06_01,-0.486103338929304,0.643072125136536,0.898502831659884,31,06_01,Friedemann et al 2022 Oikos,NA,Brazil,Euterpe edulis,26,ind_06
0.23809523809523808,-0.36363636363636365,1.1363636363636365,0.2,36.613756613756614,23.571428571428573,0.394379854852045,0.27577402142250085,-0.24519535651570395,3.361626005385469,0.15280118206297588,2.7501814697961167,0.5909335840609452,0.7741035672034366,0.5764773950011314,7,15,0.4140575079872204,0.35189411227749884,0.09637791286727457,0.38225758915414093,0.11545322204835215,0.31750762843764796,1.458742450596836,2.3199118574858857,0.5986951446863441,0.6893997814451299,4.9552137401198175,1.768038270651121,0.047622716948285584,0.1715015875161941,0.026406548808870226,0.11680704039719692,105,06_02,1,15,ind,ind_06_02,-0.450309082263433,0.774699102616466,0.897306004461245,25,06_02,Friedemann et al 2022 Oikos,NA,Brazil,Euterpe edulis,22,ind_06
0.20833333333333334,-0.5789473684210527,1.3157894736842106,0.13333333333333333,38.53406013233227,22.403921971956528,0.542802655185729,0.2876962894633267,-0.6415619107670465,4.938514679477743,0.12996091261783535,3.410372090194265,0.6222581231669033,0.7470519563616688,0.722889709744911,8,30,0.3893030794165316,0.2437196110210697,0.08573860734351059,0.43919633415579834,0.07084316637783855,0.36815523697365765,1.7518657478982234,3.4705682758697094,0.6352130004530858,0.762330369596793,8.286728120809197,1.5903012381462895,0.03636227624252366,0.1993301287206396,0.01983409432936417,0.1342339504338668,240,06_03,1,16,ind,ind_06_03,-0.512831525155765,0.844925936634691,0.903426949323585,50,06_03,Friedemann et al 2022 Oikos,NA,Brazil,Euterpe edulis,38,ind_06
0.12412412412412413,0.15625,1.9375,0.07407407407407407,24.270021467661582,11.913917231026376,0.519948118803917,0.04929715325525105,-0.6388120647130113,5.617062341482496,0.087766599085664,4.251031586416665,0.615488999198038,0.5268533003150032,0.5496100896488525,37,27,0.35384487626640093,0.1505878075384802,0.503778775329182,0.432245464599167,0.08555194365397392,0.2860736559123362,4.143015272141289,2.0413948499526944,0.7934852451448052,0.667267549675024,7.22691115199395,4.007213530971042,0.05711615358039138,0.17416925705328754,0.03688506733745717,0.10496571927510999,999,07_01,1,17,ind,ind_07_01,-0.128705838754838,0.820446531563792,0.977622095757506,124,07_01,Cecropia Frugivory course,NA,Brazil,Cecropia glaziovii,64,ind_07
0.18181818181818182,-0.37142857142857144,1.3714285714285714,0.125,29.172541121181606,12.584759986572676,0.290105616986655,0.8298905279420546,0.06106898614530607,3.538021809734732,0.10108633742099234,2.6647753790724935,0.4779052551912378,0.40665169353304,0.6817505352258397,11,24,0.46726741641368424,0.21674689372158046,0.1859559165927911,0.55685585833282,0.0717183048608265,0.26003809036261594,1.7892698456854492,2.891864573960537,0.6381247415318471,0.7356492088220157,5.57786565868163,1.4981779607878336,0.05224194112207581,0.13613547651069058,0.02890880562765865,0.08914317868151585,264,08_02,1,18,ind,ind_08_02,-0.357142857142857,0.790039196669519,0.969475118208467,48,08_02,Gopal et al 2020 Biotropica,NA,India,Heynea trijuga,35,ind_08
0.2571428571428571,-0.5625,1.40625,0.2,47.87383177570094,34.74039460020768,0.278654435547243,0.6988613987153183,-0.530959240943346,5.572664057655942,0.17414575180174818,3.2960062111126454,0.6381689827524024,0.5861516893356186,0.42084571069069937,7,25,0.58120846640149,0.43292486753338555,0.19836087528897342,0.6671467205108965,0.31377476355408446,0.5459953620874839,1.5107802853592722,4.147700654924161,0.6112927446526966,0.7881133416652752,8.87333602889025,2.2719920864216334,0.16802184371475903,0.2853847378953989,0.10076464980352401,0.2081899418126869,175,08_03,0.9999999999999999,19,ind,ind_08_03,-0.527359659996458,0.803765755295978,0.924287237849258,44.99999999999999,08_03,Gopal et al 2020 Biotropica,NA,India,Myristica dactyloides,32,ind_08
0.2767857142857143,-0.20754716981132076,3.509433962264151,0.25,61.36881712531423,41.885729271891364,0.38032244279276,0.0791246667714301,0.27775440127080897,7.491534335802243,0.14134970444909892,4.258517379665863,0.6541241770942776,0.5385647679700597,0.3452786720486189,21,32,0.5990248574453062,0.4213679168682601,0.9063531049189449,0.8876388281481066,0.20151676617041045,0.40940664603452603,4.702726438239737,4.965222932367291,0.8127525913724387,0.8104829403252483,10.802316256614036,4.180752414990449,0.10683534395183024,0.22849877291370715,0.062361436671682,0.1425776813154376,672,08_04,0.9999999999999999,20,ind,ind_08_04,-0.423513931531199,0.678192589730074,0.907293260130298,186,08_04,Gopal et al 2020 Biotropica,NA,India,Persea macrantha,53,ind_08
0.19444444444444445,0.1,1.925,0.1388888888888889,34.244791666666664,17.398003472222225,0.470342935528121,-0.009609497756406554,0.9045484594180494,4.485256085761126,0.11213140214402814,3.8406887450095644,0.6421037917392545,0.6170970800345451,0.486018772471504,22,18,0.345679012345679,0.29545454545454547,0.6599851215076872,0.47302189277710743,0.18050038707504112,0.3107243776436545,3.9599503629877777,2.3006561298443446,0.7935688650500778,0.6897980720427208,4.309901628729298,4.660610542792954,0.10711176276257653,0.19147049311879918,0.06693767172966374,0.11742188145855627,396,09_01,1,21,ind,ind_09_01,-0.289166994032587,0.631183962925328,0.94500836335103,77,09_01,Crestani et al 2018 Acta Oecologica,NA,Brazil,Henriettea succosa,40,ind_09
0.35842293906810035,-0.55,2.5,0.2903225806451613,61.525304369615746,38.29205945972413,0.326535274500986,0.2092632501347172,-0.9840225103911041,8.312437266561147,0.2078109316640287,4.162791482093329,0.7392354689148116,0.7345547046789055,0.3574367209503735,9,31,0.6191887312597865,0.4333551267196727,0.7087284925213317,0.8852439464030173,0.20966785085715434,0.48410912970265385,3.459235825244676,6.1979348608259555,0.772948459527679,0.8243823604326248,13.487145781606534,3.1377287515157595,0.14496899913812902,0.310874193970923,0.08847644101369938,0.20142797314796332,279,10_01,1,22,ind,ind_10_01,-0.687782404536192,0.68697990535129,0.801092554367421,100,10_01,Lamperty et al 2021 Biotropica,NA,Ecuador,Prestoea decurrens,40,ind_10
0.35833333333333334,-0.23076923076923078,3.3076923076923075,0.20833333333333334,63.17534321367724,33.179191416862366,0.288778886180416,0.19057496676157124,-0.5371903339261599,9.251471758821694,0.23721722458517164,4.243675147710332,0.7209650262781407,0.6955206839029001,0.27820108180988723,15,24,0.8806157640082058,0.3615519739857763,0.9612868158292294,0.883986497570416,0.16925724943611586,0.6155923836504029,5.9453576204972896,4.4300360757176,0.8557650431252112,0.7962761842579622,15.1332994462809,3.3696440713624902,0.0821405667490419,0.46574337249198733,0.04719736132300595,0.3173456362306824,360,11_01,1,23,ind,ind_11_01,-0.504471824795321,0.645895575728344,0.86138811991673,129,11_01,Corema album - unpublished,NA,Spain,Corema album,39,ind_11
0.2606060606060606,-0.15384615384615385,1.6538461538461537,0.13333333333333333,64.36309523809523,41.75297619047619,0.419977190562319,0.09855607000439078,-0.6963830945308673,4.5314446482764925,0.17428633262601895,3.4084313581157946,0.6675416679512628,0.7647625785483758,0.43605700177203666,11,15,0.48742759271019764,0.40932446688465396,0.3920166815609175,0.5901568865979687,0.3710711753749116,0.42409931371399406,2.0687916913276196,2.4546058221115628,0.6710487018316489,0.7066215009469767,5.3798653444989535,3.683023952054032,0.22451010594537085,0.24127948032483978,0.1420407666928289,0.16421333798825696,165,12_02,1,24,ind,ind_12_02,-0.568431895865524,0.648412355095445,0.817053414136501,43,12_02,Ramaswami et al 2017 Plant Ecology,NA,India,Bursera penicillata,26,ind_12
0.4027777777777778,-0.3333333333333333,1.6111111111111112,0.41666666666666663,56.363903586125815,19.51793062904174,0.38951550992111,0.17405373789892292,0.9593650618645027,4.1309506902073565,0.22949726056707537,3.221030893733139,0.7531639843033177,0.8848303715353001,0.46065215936367115,6,12,0.5329303822962,0.48058233314859067,0.45676095131998373,0.8155456063864415,0.2801828459705223,0.40705476638169147,2.9310128235267725,4.483440280694705,0.7392121607735516,0.7990560650462166,5.589309273676717,2.672592106737995,0.25951601311966527,0.3241509654247377,0.16189890459706707,0.21193962590625873,72,12_03,0.9999999999999999,25,ind,ind_12_03,-0.657611771363894,0.555596026537977,0.650857869493005,29,12_03,Ramaswami et al 2017 Plant Ecology,NA,India,Erythroxylum monogynum,18,ind_12
0.5076923076923077,-0.4444444444444444,1.8333333333333333,0.6923076923076923,64.39393939393939,24.7790404040404,0.226437004442339,0.2737472225353026,-0.251807785505273,5.410499657941057,0.3005833143300587,3.3945112360073773,0.8131759265575383,0.893974916573146,0.29795154027482595,5,13,0.6753892545449274,0.5941952506596306,0.5490130018620446,0.948968541165905,0.36543040313450353,0.549570158048132,3.2116290286404814,6.279939077386096,0.7565833302389693,0.8294040002146923,8.060081269273132,2.7609180466089818,0.2966925254443601,0.4494013823913585,0.1996894293202417,0.3222269727701739,65,12_04,1,26,ind,ind_12_04,-0.735783331881912,0.56621542386785,0.668175657878027,33,12_04,Ramaswami et al 2017 Plant Ecology,NA,India,Flacourtia indica,18,ind_12
0.275,-0.1111111111111111,1.2222222222222223,0.15000000000000002,36.757990867579906,21.232876712328768,0.344673479747765,0.24364740861362522,-0.0758960702390854,3.3005502919344982,0.18336390510747214,2.8321278713066804,0.6463054899978837,0.7789382143885821,0.4846356217318887,8,10,0.5555448976477513,0.3258376752196377,0.19928064087905634,0.3689866225403218,0.15303056253235442,0.5024911803975786,2.6814984231195984,1.9069463083347145,0.7209104601567219,0.654338461628237,4.17230078250386,2.428799801365137,0.10247814627650924,0.274021120118785,0.0658579113654914,0.18060529270785508,80,12_05,1,27,ind,ind_12_05,-0.304377800758359,0.715259323284574,0.840980624273372,22,12_05,Ramaswami et al 2017 Plant Ecology,NA,India,Flueggea leucopyrus,18,ind_12
0.375,-0.1111111111111111,1.6666666666666667,0.25,72.73972602739725,50.77625570776256,0.382572259465617,0.1348513334174244,0.9464739249488117,3.773552013135913,0.20964177850755072,2.912634850955678,0.6646775781572678,0.6344735318452054,0.3563847491044452,8,10,0.6692038753757222,0.5131218856513788,0.5423291756629394,0.5863816906618463,0.30483825161422246,0.4828123216254458,2.854340977307036,2.761418701901087,0.7285274058815199,0.7246028714663308,4.748387457151131,2.7987165691206948,0.17386825408551987,0.3196016512398253,0.10665404871905497,0.2070037818715872,80,12_08,1,28,ind,ind_12_08,-0.581701880209343,0.573888347093828,0.841804415393519,30,12_08,Ramaswami et al 2017 Plant Ecology,NA,India,Canthium coromandelicum,18,ind_12
0.2714285714285714,-0.16666666666666666,1.5833333333333333,0.10714285714285714,58.86029411764706,31.19485294117647,0.294924554183813,0.1807303401877724,0.06922688372754253,5.333988226202706,0.22224950942511276,3.4697812961707744,0.7021514305235076,0.8497309733863052,0.34274997889317416,10,14,0.5943562610229276,0.38641975308641974,0.51506963209312,0.3383349467570184,0.2782306453568929,0.5137479659822952,2.4900596219890963,1.9995206729957251,0.7115371017596441,0.668153831158897,7.220309550981257,3.447666901424154,0.18235256992528992,0.3700548206018822,0.11963613979658164,0.2662405744703881,140,12_09,1,29,ind,ind_12_09,-0.55657347443795,0.666778175312506,0.790688321595345,38,12_09,Ramaswami et al 2017 Plant Ecology,NA,India,Santalum album,24,ind_12
0.5230769230769231,-0.07142857142857142,3.642857142857143,0.5333333333333333,73.52524069737184,39.60417542384756,0.144201243905335,0.11337877234229958,1,8.392924816531348,0.29974731487611955,4.199089687798595,0.7963379554961195,0.7169843776644784,0.13264721243488073,13,15,0.896453770028637,0.5371362865662334,0.9818124776471138,0.9220404329573472,0.3126277714815212,0.8795968779293223,8.120284366735257,6.258478228301138,0.8892885142142188,0.8270268969970489,12.002481010342661,4.783368622720034,0.20991318928393957,0.6518577944534925,0.1307898064941805,0.49705536754779867,195,12_10,1,30,ind,ind_12_10,-0.434194033592381,0.455843032775273,0.823374224943291,102,12_10,Ramaswami et al 2017 Plant Ecology,NA,India,Ziziphus oenopolia,28,ind_12
0.3247863247863248,-0.7333333333333333,1.6888888888888889,0.34615384615384615,46.85657596371882,26.93342151675485,0.361340679522498,0.3690592008440411,-1,8.910520884024717,0.19801157520054927,4.0281023509927145,0.7383804300085816,0.7429038523087862,0.4678285880883468,6,39,0.5328930328930328,0.42087542087542085,0.2479890560875513,0.8759777802970184,0.21843043550106442,0.4679715611683934,1.8583182014046293,7.2700574762068735,0.6464562667311934,0.8548224543120168,15.691731032402723,2.129310735646709,0.11607129376089853,0.3027572894083317,0.06632730800523859,0.20733535310424195,234,13_01,1,31,ind,ind_13_01,-0.807295729901965,0.762550860754613,0.888874043168286,76,13_01,Jácome-Flores et al 2019 Oikos,NA,Spain,Chamaerops humilis,45,ind_13
0.3958333333333333,-0.6,1.9,0.3125,68.4135166093929,39.91981672394044,0.283396430502975,0.573746297506274,-0.813603578266564,8.180561428683713,0.27268538095612377,3.7152712275428117,0.747567565135652,0.7857350775505786,0.3398186611635489,6,24,0.7145348837209303,0.5108527131782945,0.4136776851320037,0.8676037680306152,0.3488786580555631,0.7062706774308213,2.151699941140124,8.398911401645766,0.6691967392674184,0.8860189206118703,13.896609134761166,2.464513722606259,0.201598069084848,0.43337300161245074,0.12003740969829188,0.30365878065198676,144,13_02,0.9999999999999999,32,ind,ind_13_02,-0.579128973701187,0.745735963470891,0.848674140142597,57,13_02,Jácome-Flores et al 2019 Oikos,NA,Spain,Chamaerops humilis,30,ind_13
0.43703703703703706,-0.25,2.4583333333333335,0.4666666666666667,70.80631543397502,36.49864910503209,0.334715635230385,0.17023842984021725,-0.9536300590685213,5.422991382328824,0.225957974263701,3.600137911783182,0.7339319557811333,0.6052132954840085,0.33940678895885523,9,15,0.6878056868109095,0.4771615684323966,0.7043094624689166,0.9173494106160067,0.2969249762378142,0.5274505767253882,3.5446781010082904,6.306672116747656,0.7766913070829629,0.841532007218585,7.3786046082901295,3.4673781563675194,0.23142726215948375,0.350304094329934,0.1397510080366837,0.2270081390628634,135,14_01,1,33,ind,ind_14_01,-0.501031728691768,0.584468986475521,0.819045859482845,59,14_01,Guerra et al 2017 Oecología,NA,Brazil,Miconia irwinii,24,ind_14
0.2517482517482518,-0.40540540540540543,1.945945945945946,0.15384615384615385,68.05600539811066,40.94973009446694,0.3135565954776,0.476476716196223,-0.9007428477483601,7.2784679116863185,0.1967153489644951,3.6866859959141776,0.6518195427478495,0.6665229611085495,0.4400283815380044,11,26,0.6841251798038052,0.3359256436902031,0.4619523879221785,0.8122915966730859,0.23672268014375675,0.6698850849776845,2.3564577489219594,3.9329966247797095,0.6891340908776998,0.7830720399073312,12.042570837651464,2.514364985721172,0.14936336756181967,0.36734582491786577,0.09300232361186929,0.2534318403461927,286,15_01,1,34,ind,ind_15_01,-0.517752288466668,0.74976914457848,0.910016459414586,72,15_01,Juniperus macrocarpa - unpublished,NA,Spain,Juniperus macrocarpa,37,ind_15
0.3076923076923077,-0.4857142857142857,2.057142857142857,0.15384615384615385,43.33036538715209,21.121883656509695,0.368765269762421,0.3312399453155388,-0.4273401465929754,5.985061738317898,0.17100176395193994,3.5133002549576196,0.6440134651408609,0.6246859649867189,0.510204674052041,9,26,0.6095770326539557,0.3575498575498575,0.4987555401203943,0.8775957792705745,0.1761046760626732,0.39430110616716074,2.673118134785965,5.579845280538105,0.7233817792800241,0.8413595599245625,9.953469243326055,2.0166542333097417,0.07888738875319548,0.24285814677223896,0.04624567575542449,0.15957071234517628,234,16_01,1,35,ind,ind_16_01,-0.530152561595779,0.748828423226159,0.929647019956101,72,16_01,Miguel et al 2018 Oikos,NA,Argentina,Prosopis flexuosa,35,ind_16
0.3,-0.47368421052631576,2.210526315789474,0.125,58.876917740299604,25.92047763940261,0.340582964247873,0.2705222644343021,-0.24886677923090914,7.758412147755206,0.20416874073040017,3.9111614152923555,0.6941095747554707,0.6911365355940932,0.41555010063795567,10,28,0.6572700296735906,0.34678536102868446,0.7136148226236477,0.8784725148169995,0.1254253361035414,0.452271890078546,2.6501452177850346,3.5333016392724237,0.7196418039087935,0.760647528263586,12.995690949290852,2.5211333462195604,0.08051108438298644,0.30831933337875217,0.04900265901001059,0.20721947131085428,280,16_02,1,36,ind,ind_16_02,-0.674541239222342,0.702935513591767,0.90287271779805,84,16_02,Miguel et al 2018 Oikos,NA,Argentina,Prosopis flexuosa,38,ind_16
0.2074074074074074,-0.6875,1.75,0.09259259259259259,33.389435648742456,13.243181349942155,0.391165144937017,0.5117240641773025,-0.7236494878481977,9.731035054921344,0.152047422733146,4.050117306107289,0.6437372325199647,0.6528695932905906,0.6538986986870198,10,54,0.49315579426354855,0.22426988922457203,0.19660730315734973,0.8431570608041197,0.05675813862727278,0.33095605170781983,2.060137280951469,4.50115891235598,0.6709227799598597,0.7851462233825885,17.865240716550595,1.596829393292093,0.03265304361295126,0.19961624406114742,0.017680899494853398,0.1353561729242377,540,16_03,1,37,ind,ind_16_03,-0.688715663517992,0.827783742949912,0.945244927435419,112,16_03,Miguel et al 2018 Oikos,NA,Argentina,Prosopis flexuosa,64,ind_16
0.21785714285714286,-0.627906976744186,1.4186046511627908,0.11428571428571428,40.17857645719435,14.43657297336439,0.41550005314061,0.5790599616855799,-0.18906344267028355,7.2561694742689955,0.1687481273085813,3.4741585494984064,0.6165551500883706,0.6898545771054855,0.6757510819471009,8,35,0.579440353460972,0.22422680412371135,0.06371285421242762,0.7778264040846098,0.044573181203445,0.43309887143617953,1.7980464690287985,3.072102354936338,0.6409369147548108,0.738784465641946,13.076951599602879,1.435387348935112,0.028728461129418653,0.23822083234616195,0.015838740343124994,0.16375654194158915,280,16_04,1,38,ind,ind_16_04,-0.633577234273919,0.816271250887549,0.936350479472206,61,16_04,Miguel et al 2018 Oikos,NA,Argentina,Prosopis flexuosa,43,ind_16
0.3793103448275862,-0.5263157894736842,2.6052631578947367,0.10344827586206896,60.153762359644716,39.20521199932965,0.181482920488422,0.3845827331018279,0.07780600462398417,11.688847550924498,0.30760125134011834,4.153556232154521,0.7464356185464972,0.7856076460385235,0.1392595118549383,9,29,0.9343221402399238,0.4046983664887595,0.915424862955176,0.9496050595317964,0.17270785995256707,0.7416990474693522,3.5453114053981127,4.1797076708783925,0.7814929662428467,0.7966402658857065,20.668467120104047,2.709227981744948,0.07038673024583472,0.5091119716486406,0.04794039491444704,0.37499507597775644,261,16_05,1,39,ind,ind_16_05,-0.721262124600674,0.703168499148748,0.809228722042625,99,16_05,Miguel et al 2018 Oikos,NA,Argentina,Prosopis flexuosa,38,ind_16
0.22355769230769232,-0.23809523809523808,2.2142857142857144,0.17307692307692307,50.20925142273457,28.129237803395103,0.275778449307951,0.23748238512975042,-0.3790420966522939,5.958226748458815,0.14186254162997178,3.7089203486431055,0.6150081107834877,0.5762003961225842,0.34557290320292516,16,26,0.5904519053690325,0.38063996316758747,0.5685293731107898,0.74568846821346,0.23378764746905062,0.47242873987231354,3.0519128956586163,3.5013788999714888,0.7415908406363168,0.7596701312760082,8.25496794383593,3.6614855530817003,0.1273091987469768,0.2202752377025944,0.0796882616315968,0.1422497526977771,416,17_01,1,40,ind,ind_17_01,-0.373484015943051,0.73871993709454,0.931027231740441,93,17_01,Visotto et al 2022 Oecologia,NA,Brazil,Schinus terebinthifolia,42,ind_17
0.45,0.23076923076923078,2.769230769230769,0.5,68.83549783549783,39.492063492063494,0.283732290401589,-0.028425032173545493,-0.8633133135311499,5.359601713440815,0.20613852744003136,3.729252982113766,0.7348030073216221,0.676627253336717,0.2716714085388259,16,10,0.679537574533017,0.555148644859309,0.9651106366376978,0.8369027474954924,0.3612111406037706,0.41054099062456567,7.242362395245777,4.141080924303168,0.8603549138923021,0.7813464015034829,5.149905298071633,5.569298128809997,0.21378476677190306,0.2904640522305891,0.13449668394984812,0.1905409426441759,160,18_01,1,41,ind,ind_18_01,-0.389548693586699,0.495163953936192,0.858116776852133,72,18_01,Phyllirea angustifolia - unpublished,NA,Spain,Phillyrea angustifolia,26,ind_18
0.37962962962962965,0.14285714285714285,1.9523809523809523,0.2777777777777778,59.9953314659197,33.228291316526615,0.325822107695605,0.018155535170468497,1,4.235148288730118,0.20167372803476752,3.3328598535995098,0.7118253829136189,0.7362398499123781,0.3436538243220472,12,9,0.6613150404658749,0.46796893953262697,0.7402873074051819,0.5662246497594398,0.3754001217892927,0.49520155399714916,4.748218920126263,2.782170325194922,0.8221544388342905,0.7289370488414308,4.431870965392993,4.038425612067242,0.22106481955992796,0.33319067584900064,0.14900622860395762,0.21316576665238599,108,18_02,1,42,ind,ind_18_02,-0.340393179102857,0.577366802645724,0.803154472290789,41,18_02,Phyllirea angustifolia - unpublished,NA,Spain,Phillyrea angustifolia,21,ind_18
0.12306201550387597,0.2835820895522388,1.8955223880597014,0.041666666666666664,36.26573807871518,23.103664783054093,0.295492081992558,0.15735765012004485,-0.7482076377028535,7.79917794656968,0.11640564099357731,4.118199759636295,0.5934643394893364,0.6626827272163823,0.4309290221601307,43,24,0.60091262959533,0.16424274758130258,0.5641656357997873,0.4645456546213139,0.12468802419595797,0.5862739767703695,3.5176185076940443,1.8503587050821348,0.7613110263857557,0.6461168268238302,12.100794251433248,3.4975616417061124,0.08012679745200683,0.34863524609070357,0.06061032239956097,0.23524494865229942,1032,19_01,1,43,ind,ind_19_01,-0.333331810240968,0.793693810314257,0.935990106460781,127,19_01,Thiel et al 2023 Biotropica,NA,Peru,Marcgravia longifolia,67,ind_19
0.23308270676691728,-0.15151515151515152,1.878787878787879,0.13157894736842105,61.81570338058888,46.153217011995636,0.180670321727922,0.5819027651312099,-0.7088681280499374,6.165486741982579,0.18683293157522968,3.3733234545928434,0.6041596999513181,0.5972894095362942,0.2950810230826106,14,19,0.7630317055321506,0.32913512642937676,0.45855616280337413,0.5988084324837813,0.19622421792270844,0.654671043207175,2.653933794748479,2.3195056431716736,0.7148516971933896,0.6903126114770813,9.896491530630987,2.4344819533341724,0.11141775161791222,0.33473601714638573,0.06971686487334934,0.2276639840249413,266,20_01,1,44,ind,ind_20_01,-0.435257908022033,0.730218428121702,0.921921477848667,62,20_01,Osyris lanceolata - unpublished,NA,Spain,Osyris lanceolata,33,ind_20
0.25333333333333335,0.18032786885245902,3.737704918032787,0.2,65.78425466409337,44.060467907242106,0.263061275985583,-0.10222352472793479,0.9441940029334644,6.956794300131289,0.1140458081988736,3.930054668331697,0.5777457505878548,0.5009229729369694,0.25526437496839605,36,25,0.460996796012816,0.633791187057474,0.9217093415245058,0.844055941409787,0.4865476691532127,0.27915003011148415,4.918601860731909,4.447390286323775,0.8092022681427202,0.7966347556205774,3.7526537939928835,10.160934806269694,0.1834748475816596,0.12607116319386139,0.11586431277714947,0.07820295828613893,900,01_01,1,45,sp,sp_01_01,-0.450712042951387,0.654975573969978,0.953472689047451,228.00000000000003,01_01,Olesen et al 2011 PRSB,NA,Spain,NA,61,sp_01
0.4411764705882353,0.030303030303030304,3.6363636363636362,0.3125,79.13246258949384,49.74283528971029,0.156821443964504,-0.10434645140862074,0.29044023656316115,4.6694950312745664,0.1414998494325626,3.1990008948847453,0.5706589096533098,0.3861831544965356,0.1663608052688069,17,16,0.7811051564310544,0.826324040624361,0.9828729111050214,0.928362116703244,0.8117258569751631,0.5524205440743429,7.455076935767886,6.660682607848943,0.8745745003719827,0.8632903258875211,3.755649431463558,5.583340631085575,0.32788004922039565,0.24763884226006,0.21762683093725677,0.15759875722349648,272,01_02,1,46,sp,sp_01_02,-0.432604906437719,0.476991341599727,0.948021059111159,120,01_02,Olesen et al 2011 PRSB,NA,Spain,NA,33,sp_01
0.27310924369747897,0.24444444444444444,2.888888888888889,0.23529411764705882,63.172034407442965,43.960372204535624,0.311670755666653,-0.05010335033231665,-0.9256430194225924,5.3980736013459865,0.11995719114102192,3.8232988827047287,0.6201199939888487,0.5661734522294872,0.2895236459927996,28,17,0.5530136738022837,0.5193060106617108,0.8875645082376312,0.7864845684872676,0.42647395244019665,0.3208484688748816,5.466628707375937,3.526756003114896,0.826293411915703,0.7694223046919171,4.924749929551655,5.871397273140319,0.17002208571536934,0.1527624746464319,0.10950730583372696,0.09188458303025937,476,02_01,1,47,sp,sp_02_01,-0.455377809303367,0.657904953668745,0.884742677645611,130,02_01,Garcia-Castaño et al 2011 PhD thesis,NA,Spain,NA,45,sp_02
0.4265232974910394,-0.55,2.975,0.3870967741935484,67.6600550702347,46.54148413130449,0.348409622549287,0.12562215882269676,-0.9002904149821765,5.626981150193482,0.14067452875483705,3.8088479434380433,0.6763815837532051,0.5101984222075651,0.27839165832757923,9,31,0.5692503866084266,0.7200261657788991,0.7849997640144374,0.9987878928811234,0.398321457690441,0.3954010590438079,3.1897936199310264,13.745647164815333,0.7472290361817105,0.9240406956544434,7.265541415406825,3.9884208849801395,0.2542354548827567,0.18643530113330012,0.15361526173244225,0.11852854074127057,279,04_01,1,48,sp,sp_04_01,-0.712080268227994,0.600287652564417,0.901812067938192,118.99999999999999,04_01,Beehler 1983 Auk,NA,NA,NA,40,sp_04
0.6875,-0.23076923076923078,4.230769230769231,0.6875,74.57131252585799,42.310505992324174,0.313348295563045,0.05350357597034607,-1,6.356641342273874,0.24448620547207206,3.9521273517912148,0.7787176352321895,0.6329226066390924,0.24684560675629824,10,16,0.7880205402363534,0.7980303882948789,0.9751489457894797,0.9987493354076821,0.46909005163434425,0.5187048709251358,10.765069705248688,18.058038625587578,0.9061052514589043,0.9425238295263292,7.6987246905576825,5.014557993990065,0.3228476565426929,0.34345770316594115,0.20028160797482608,0.22063858772730766,160,06_01,1,49,sp,sp_06_01,-0.587842598464029,0.382409771249754,0.836467353810599,110,06_01,Frost 1980 Acta XVII Cong. Internat. Ornitho.,NA,NA,NA,26,sp_06
0.47619047619047616,-0.2631578947368421,2.1052631578947367,0.5,56.82813355227149,36.98686371100165,0.569662757348706,0.032165101313278,0.9994220494601418,2.6890852022298217,0.14153080011735905,2.8086179547355155,0.6338826636814953,0.7043937106537549,0.6713397289867052,7,12,0.47526249576619733,0.6095431640503494,0.7329479756644952,0.8247407823320232,0.26010802198713684,0.23691786845232102,3.9086776453253598,6.59423457403038,0.7841081431849739,0.8666461808768158,2.559056229606972,2.819114174852672,0.21798849133841713,0.1259544022838589,0.1438510974379392,0.08024607416387025,84,07_01,1,50,sp,sp_07_01,-0.391261294714692,0.566597674939043,0.812448997998054,40,07_01,Guitián 1983 PhD thesis,NA,NA,NA,19,sp_07
0.1438423645320197,-0.09375,2.28125,0.08571428571428572,35.49249673625298,16.455645032068606,0.398797023012645,0.0053006157258560045,0.12250414209098996,6.581074766946875,0.10282929323354492,4.606630615568533,0.6654438228782577,0.7181151375284199,0.43564416519875954,29,35,0.26534724721122704,0.29253886910449056,0.6188623428406058,0.717271802121345,0.15234472702929516,0.17696401643214454,2.821231670300062,2.9827165255958303,0.727320483413092,0.7384232209217737,6.9133317555364675,6.248817778357283,0.10410954811666122,0.11898217460411094,0.06167203352578119,0.07418115018520044,1015,08_01,1,51,sp,sp_08_01,-0.197314652656159,0.725005274158832,0.879569024516495,146,08_01,Galetti & Pizo 1996 Ararajuba,NA,NA,NA,64,sp_08
0.6370370370370371,0.6875,2.6875,0.6,67.34379809172053,23.79730200385544,0.402211170367016,-0.2929197455121622,1,8.2414459078162,0.25754518461925624,4.043362253209588,0.8242886353650453,0.8346883547439066,0.49657850516326785,27,5,0.6370027409437736,0.743367821484719,1,0.7194638823606708,0.48320491507681274,0.20455828315529642,24.22000017064768,4.111305251825976,0.9571364389159227,0.802732164642552,2.229942118829569,14.25294969680283,0.3991431589233204,0.20520534380783173,0.28554065291501407,0.11778919916489358,135,09_01,0.9999999999999999,52,sp,sp_09_01,-0.84253238170764,0.668288719676628,0.801523861460948,86,09_01,Kantak 1979 Auk,NA,NA,NA,32,sp_09
0.3051948051948052,0.12,1.88,0.2727272727272727,45.41095890410959,20.433789954337897,0.464381055440669,-0.19147065921301012,0.9999753650701572,4.367298018546113,0.17469192074184453,3.366542988390669,0.6683690028723863,0.8062140098673428,0.6501822380148268,14,11,0.30510674193757703,0.5685224839400428,0.568075044197345,0.4002000614253776,0.44918954545677464,0.13371393308252416,4.038936230569657,3.490414760043076,0.792439257115154,0.7725434851764762,2.268445196311504,6.466150840780721,0.33708752938603687,0.07945438174051363,0.24210121286601963,0.04665401452876446,154,10_01,1,53,sp,sp_10_01,-0.260818484433131,0.683244250707472,0.875756994785808,47,10_01,Snow & Snow 1988 Bird and berries,NA,NA,NA,25,sp_10
0.31666666666666665,-0.30434782608695654,1.6521739130434783,0.3,66.79735051915505,17.633369137128536,0.343333333333333,0.19090521471669786,-0.9021946465877727,5.443353949864422,0.23666756303758357,3.5685950250193224,0.7453997242709783,0.9381027721921402,0.39438713936207487,8,15,0.5333333333333333,0.4375,0.4285186553380126,0.7127388535031847,0.2801286667246939,0.4532730099714653,1.9213324547875699,3.287448225017027,0.6580156075904818,0.7536968146409463,7.521812311873765,3.3648955878550786,0.2620679189427851,0.3755158598015741,0.16083017511588937,0.2588954167525596,120,11_01,1,54,sp,sp_11_01,-0.505043512658228,0.796664606070844,0.826918497745729,38,11_01,Noma 1997 Ecological Research,NA,NA,NA,23,sp_11
0.2857142857142857,-0.8205128205128205,1.8205128205128205,0.16901408450704225,51.612619075919916,27.757839598889166,0.556046801795506,0.16268143643636077,0.6396851612832902,6.69890043413061,0.08588333889911039,4.032752034420412,0.6495439411314815,0.6150672945284476,0.6658068577488522,7,71,0.3138962388646939,0.42940207209444053,0.33784158819199683,0.8345492584053107,0.1554373283918662,0.3091463627298534,1.8060756846405217,9.499475097595555,0.6448035498076259,0.8625620285383637,11.281738108980191,2.1160627592810286,0.12551763868013452,0.17858640907413167,0.07342873865023239,0.12010810006927923,497,12_01,1,55,sp,sp_12_01,-0.707843608262648,0.845446523994397,0.954319964922554,142,12_01,Crome 1975 Aust Wildl Res,NA,NA,NA,78,sp_12
0.3342857142857143,-0.5625,3.65625,0.33999999999999997,48.92135642135642,27.854766602866906,0.299639787884273,0.04792514215626138,-0.19911481579501805,7.822617990860598,0.12222840610719685,4.598542337904319,0.7019517549350661,0.5159502723409475,0.3117212819433348,14,50,0.4063152985074627,0.6832356076759062,0.7921996013022992,0.9958348682464087,0.5602639173642282,0.2566551185443891,4.21169096604754,16.716697274126265,0.8031218540458734,0.9361804406348666,9.11819724065917,6.527038741062027,0.3061920501805362,0.15378523584596956,0.19035943015172824,0.09343688164957033,700,13_01,1,56,sp,sp_13_01,-0.705912607734076,0.609195030229307,0.938115830141652,234,13_01,Snow & Snow 1971 Auk,NA,NA,NA,64,sp_13
0.3401360544217687,0.5,1.7857142857142858,0.2857142857142857,50.980210265924555,24.379509379509376,0.376330050696346,-0.1790176755500557,-0.019896970893761346,3.4649272509837017,0.1237474018208465,2.986907669172901,0.5985268044870864,0.618762954989004,0.48773012974598223,21,7,0.5472191930207198,0.4463831334060342,0.9311815808952434,0.4494755287303171,0.3263003080531218,0.32144923049824964,6.840778731802831,1.9322905926206961,0.8659190972365594,0.6522904132578268,2.8558686683311167,4.073985833636287,0.14685422170532977,0.2687448577688439,0.0963391355424327,0.17817645363111104,147,14_01,1,57,sp,sp_14_01,-0.671317829457365,0.643664486950955,0.933095892228058,50,14_01,Baird 1980 Wilson Bulletin,NA,NA,NA,28,sp_14
0.2875,0.5789473684210527,1.8157894736842106,0.25,36.2610835289021,14.937199829208467,0.57469527866302506,-0.1227657666428814,0.4860238860136481,4.301913484914364,0.11320824960300957,3.6110189179789343,0.6588682393579401,0.600986547067496,0.6293609072496201,30,8,0.3940274841437632,0.32988019732205776,0.8362941675919273,0.3714818450846476,0.21904116730553427,0.16215312044937785,8.542840755653405,1.9693407831745713,0.8913701362760795,0.6587760915048909,2.256254585751959,6.347572384076768,0.14187997381334533,0.13908163792121245,0.09091780393247655,0.07988016514234132,240,15_01,1,58,sp,sp_15_01,-0.567662413450468,0.755754820551258,0.968525644309615,69,15_01,Menke et al 2012 Oikos,NA,Kenya,NA,38,sp_15
0.39097744360902253,0.6888888888888889,2.311111111111111,0.2857142857142857,47.32734806629834,28.21540683073832,0.393183863507752,-0.11650341892824764,1,5.48944349144324,0.12198763314318312,3.8129061566481273,0.6828886321015749,0.5704071181638525,0.3882350422470577,38,7,0.6912358379997395,0.3828863407378976,1,0.6257063962832013,0.22401551340400885,0.42978233190075027,17.37529276508596,2.392750308218032,0.9453292314985613,0.6960201844700201,3.4490763884792037,7.529810594407277,0.11898567983728796,0.3170677625607108,0.0735111199884469,0.19234556287306873,266,15_02,1,59,sp,sp_15_02,-0.91621189570586,0.609171558466002,0.891766370805456,104,15_02,Menke et al 2012 Oikos,NA,Kenya,NA,45,sp_15
0.3235294117647059,0.6190476190476191,2.0952380952380953,0.25,41.95839813836418,21.418496613742793,0.451176516674937,-0.12301404741814312,0.9573060276291973,4.954526282431955,0.11796491148647512,3.7938803084473496,0.6767774287389592,0.6022544975269339,0.47889166438204067,34,8,0.5215716486902928,0.3709326565757273,0.9610689837280907,0.5173899396093619,0.22736974306813842,0.2762698376283487,12.625102725096323,2.2579492870737727,0.9222224902412611,0.686422719309996,3.023100308297023,6.885952256566887,0.1235077111427161,0.20543722058679384,0.07641555399136096,0.12309782719376142,272,15_03,1,60,sp,sp_15_03,-0.754824307210166,0.665494657658076,0.912117251556257,88,15_03,Menke et al 2012 Oikos,NA,Kenya,NA,42,sp_15
0.3685897435897436,0.6595744680851063,2.4468085106382977,0.25,53.88183903817271,36.56744969335805,0.30161433815176,-0.1278461196966104,-0.04348843312985936,6.313444392716085,0.13432860410034222,3.932883459560682,0.6848130378734435,0.6107429733151241,0.3236849481902683,39,8,0.6854874776386405,0.4498876198339526,0.9914774301794198,0.6429388959730163,0.29989749116364706,0.44718627660820265,17.102380342896605,2.5979201990333487,0.9337466760481712,0.713128954426528,4.156782008960262,8.470106776471908,0.15131338289279211,0.3006846415205563,0.0972329738639138,0.18911241945598364,312,15_04,1,61,sp,sp_15_04,-0.788000332667512,0.682607630689957,0.919430865244781,115,15_04,Menke et al 2012 Oikos,NA,Kenya,NA,47,sp_15
0.1945578231292517,0.53125,2.234375,0.13333333333333333,57.67277143448104,37.89585555393518,0.307822852220221,-0.20118833147945903,0.1547605520898672,8.522938811253743,0.13317091892583974,4.153628804533371,0.6293500463423899,0.5803062418631005,0.2918107552575209,49,15,0.4556342182890855,0.5197218710493047,0.8189668212282887,0.47160609814649057,0.45863049404497,0.3927466470282173,4.229777184580323,2.3346894665475393,0.7837784714806307,0.6939659755391564,4.316046748063074,12.729830874444414,0.23076752558909455,0.17387336355955862,0.15326851007470468,0.10983749143449623,735,16_01,1,62,sp,sp_16_01,-0.512628823020772,0.801152483496863,0.904254117896614,143,16_01,Pizo 2004 Ornitologia Neotropical,NA,NA,NA,64,sp_16
0.14428374655647383,0.45454545454545453,3.4628099173553717,0.06060606060606061,34.58485737164978,21.42526934034506,0.354960763971211,-0.03194262824089878,0.4105954181535046,9.828519054363657,0.08122743020135254,5.069726250087901,0.6357944814401114,0.4867247907247293,0.3175844246897733,88,33,0.42178969855210063,0.28494145106416646,0.963066852188171,0.7546186433266813,0.14713406107195864,0.2601884948273018,8.969001988893389,2.382187682965479,0.8859557754905083,0.6986069743464538,8.06021224144153,11.596825867285782,0.07882713415248074,0.16056230773750965,0.049514982772647945,0.0963070916027354,2904,17_01,1,63,sp,sp_17_01,-0.307463083671751,0.769992563527656,0.939136553284913,419,17_01,Schleuning et al 2011 Ecology,NA,NA,NA,121,sp_17
0.16709183673469388,-0.5076923076923077,2.0153846153846153,0.10204081632653061,43.01852583766391,22.17368007809184,0.388675,0.11267448772115184,-0.020181089005696134,6.443655554217416,0.09913316237257562,4.099208268881397,0.6150895385268332,0.5379216422301705,0.3931883839832842,16,49,0.354795918367347,0.38697916666666665,0.3707417199267497,0.6808061678386261,0.29821387832600643,0.35408893075071335,2.1767518964295993,4.676378671160169,0.6789516878682464,0.8144590917549707,8.462496923346752,4.4248141850880796,0.15367935711549635,0.21645706182505065,0.09709744004553014,0.14561987279545585,784,18_01,1,64,sp,sp_18_01,-0.433969751258581,0.828918782550577,0.940660936376557,131,18_01,Castro 2007 PhD thesis,NA,NA,NA,65,sp_18
0.3128205128205128,0.5517241379310345,3.1551724137931036,0.3076923076923077,45.28475435117868,20.87098699995263,0.331724,-0.0590391277206009,0.9970541737096269,8.88306429629677,0.15315628097063397,4.903751480388832,0.7696249548721747,0.756441239812876,0.35329140401682113,45,13,0.5207692307692308,0.3607111111111111,0.981572545976891,0.7515027743861377,0.22024963816901752,0.342325614730283,12.576010132041139,3.32613241811028,0.9155863566135088,0.7558015225520637,5.52281402328226,12.24331456931128,0.1641167747771411,0.27557242148011807,0.10056237232955012,0.1661199524418889,585,19_01,1,65,sp,sp_19_01,-0.713605940137584,0.638827506381155,0.808873703744196,183,19_01,Correia 1997 PhD thesis,NA,NA,NA,58,sp_19
0.3717948717948718,0.3953488372093023,3.372093023255814,0.34615384615384615,52.44907922410503,21.182825188673142,0.254109138724523,-0.057102325517130625,1,9.066853402570782,0.21085705587373912,4.825734365697533,0.8088527783019861,0.8466062579758817,0.2925970506824759,30,13,0.5105193951347798,0.4505698005698006,0.9680629997511752,0.8024796669003323,0.358118680832494,0.3902169919529636,10.755842711532749,4.727899215442562,0.9034492328599428,0.8133748635560132,5.793097370853692,12.340609434287872,0.28676778876636094,0.30031245896816333,0.18611739651337034,0.1881480320366257,390,20_01,1,66,sp,sp_20_01,-0.532467313120566,0.573298483520921,0.768073009491423,145,20_01,Alves 2008 PhD thesis,NA,NA,NA,43,sp_20
0.34074074074074073,0.5384615384615384,2.358974358974359,0.2222222222222222,52.10439625248543,29.77576416270684,0.412346095462979,-0.0977604900863402,0.48224147992020755,5.287578009102739,0.13557892331032664,3.7589973609769833,0.671438735505659,0.5208560287531565,0.4028223636904804,30,9,0.6696969696969697,0.4397835497835498,0.9772377021593185,0.6500363485588103,0.275585887182544,0.4078578880555487,9.977622310506566,2.629665235802912,0.9013423592172872,0.7149611304392705,3.5720848526335383,7.0030711655719395,0.15207425860380083,0.22750950929423314,0.09719598500277181,0.13460183283772473,270,21_01,1,67,sp,sp_21_01,-0.639954086179033,0.671383893766248,0.947326345965776,92,21_01,Athie 2009 PhD thesis,NA,NA,NA,39,sp_21
0.12857142857142856,0.05660377358490566,1.6981132075471699,0.12,38.47497307674299,21.037598913705107,0.368801652892562,-0.13243326713841283,0.42451665372606134,7.012471731541817,0.13231078738758145,4.234912257288676,0.6464448672129767,0.7700597990238556,0.43283639872564106,28,25,0.21318181818181817,0.42471590909090906,0.37299899949974985,0.3493855580757642,0.36414869907684627,0.18571037018258865,2.0129544270204223,2.37378438370488,0.6634116755826194,0.6948515268557095,4.23213737543868,9.792806087644955,0.22027923288790652,0.1390796393965797,0.1486572859366878,0.10570878408589417,700,22_01,1,68,sp,sp_22_01,-0.316728795751234,0.819922763086487,0.909929526700653,89.99999999999999,22_01,Fadini & de Marco 2004 Ararajuba,NA,NA,NA,53,sp_22
0.1381118881118881,-0.08333333333333333,1.6458333333333333,0.07692307692307693,35.14088729016786,18.71474249172091,0.415719381688466,0.047680275589095523,-0.251469835748037,5.107991868076969,0.10641649725160351,3.8796964357784365,0.6110586712695825,0.6590856477881607,0.44652302318036025,22,26,0.34190981432360745,0.2929467084639498,0.4673601067971966,0.5478277411141514,0.17369393227931368,0.20459832040024567,2.0383886063056784,2.194724241689748,0.6673924320213079,0.6819751218360244,5.878212392630025,4.337771343523913,0.10341010406755179,0.11471579008490983,0.06365131321602796,0.0726965330840924,572,23_01,1,69,sp,sp_23_01,-0.223461427333141,0.728752031060839,0.913304396027606,78.99999999999999,23_01,Hasui 1994 MSc thesis,NA,NA,NA,48,sp_23
0.15227272727272728,-0.047619047619047616,1.5952380952380953,0.09090909090909091,43.11041360328771,20.23140293330317,0.221049502006838,0.12255035673579416,-0.01044083861295497,5.032459843739687,0.11982047246999256,3.521887056508112,0.5786130117377766,0.48689072179728604,0.3217177881820623,20,22,0.4631336405529954,0.3617511520737327,0.4161575619805356,0.49078993291193235,0.26309115555943796,0.3556115003304005,1.83536319791794,2.354231678186916,0.6456115493694541,0.6986356086272699,5.385195223790763,4.67972446368861,0.16745976677961474,0.19848709707661696,0.1094385859610857,0.13634909161403752,440,24_01,1,70,sp,sp_24_01,-0.376309069668868,0.760351279867669,0.944289135593719,67,24_01,Silva 2011 MSc thesis,NA,NA,NA,42,sp_24
0.17777777777777778,0.1111111111111111,1.1851851851851851,0.08333333333333333,31.68615984405458,14.883040935672515,0.36046875,-0.12451290961042522,0.3643500809506495,3.16943300643205,0.11738640764563149,2.8633354531873416,0.5513882621028307,0.4913362480137801,0.49437216413206053,15,12,0.3510416666666667,0.36250000000000004,0.07228915662650603,0.04071937563624024,0.24110918314719137,0.26244076798598065,2.1261948514880125,1.6281996645367462,0.6748954934114189,0.619621070656277,2.585964090102725,3.7529019227613754,0.13746045382856203,0.1707872846860546,0.09158479087050515,0.11229598004259513,180,25_01,1,71,sp,sp_25_01,-0.341796499326794,0.734064584067443,0.951305713833013,32,25_01,Ribeiro da Silva et al 2015 Restoration Ecology,NA,Brazil,NA,27,sp_25
0.1934032983508246,0.11538461538461539,2.480769230769231,0.13043478260869565,50.362233871338574,28.576738553976792,0.304478784173856,-0.02315956657010968,0.29353873468643554,6.605086561387672,0.1270208954113014,4.251252637219282,0.6537582494900749,0.5299797387028133,0.343190305243781,29,23,0.4261219490858193,0.40664677721501424,0.7675195217339776,0.7052405629748498,0.2890326816355194,0.3124147708337724,3.2976356809458474,2.9791688895741504,0.7548012236373629,0.7404418221836011,6.016185147082904,7.1939879756924405,0.16081915629318802,0.18059856412380515,0.09817602327849519,0.11196723674970625,667,25_02,1,72,sp,sp_25_02,-0.316444200646065,0.687009769417699,0.928595555315374,129,25_02,Ribeiro da Silva et al 2015 Restoration Ecology,NA,Brazil,NA,52,sp_25
0.17857142857142858,0,1.25,0.07142857142857142,41.75824175824176,26.236263736263737,0.470901866103315,0.10269763595631247,0.05147469283831116,3.4299050844923014,0.12249661016043933,3.058149611781081,0.5794018904899881,0.7217035084809277,0.5570336293228663,14,14,0.4214792299898683,0.2664640324214792,0.20772946859903382,0.2643454580820852,0.1875427118337453,0.33952962804698217,1.978849071075229,1.5133897165045507,0.6577945705221646,0.6007119734257531,3.955488045904828,2.904322123079775,0.1134757659071291,0.1793051369975017,0.07773874277989909,0.1272157233301618,196,25_03,1,73,sp,sp_25_03,-0.398865784499055,0.721695941361076,0.872584891325609,35,25_03,Ribeiro da Silva et al 2015 Restoration Ecology,NA,Brazil,NA,28,sp_25
0.2976190476190476,0.6470588235294118,1.4705882352941178,0.16666666666666666,51.34718688153803,27.04693242861182,0.368544518749344,-0.5403123936169955,0.4789189053812462,7.058011629166415,0.20758857732842395,3.5527638510845123,0.693362378300378,0.7554745949177536,0.3910665677043648,28,6,0.5108481262327417,0.5688926458157227,0.8625248791583737,0.23236194629837661,0.5618306254370249,0.3887654231209931,5.844339032789828,1.5912062986796995,0.8442959586553366,0.63289542890141115,2.708078455996637,11.407944802336193,0.3349631693191155,0.2902877160789874,0.24284362890086134,0.18884404511197728,168,26_01,1,74,sp,sp_26_01,-0.551982621466161,0.805187970356814,0.860554467225883,50,26_01,Robinson 2015 PhD thesis,NA,NA,NA,34,sp_26
0.13793103448275862,0.3181818181818182,2.727272727272727,0.1,35.46809682210732,20.43093535199045,0.399539151258632,-0.05752679208731586,0.5611963241559018,8.899105009126991,0.10112619328553399,4.908087478133434,0.6577759339968254,0.6250830550703697,0.42798084506421413,58,30,0.2569651741293532,0.3227933607822954,0.8389693402455218,0.687051889523613,0.19267582016881865,0.15035159565399955,4.615023380715269,2.9409281394819673,0.8084115775770663,0.7353559068166089,4.957373212672391,12.84083680558159,0.12045523712979124,0.086256723517071,0.07511842016313536,0.049253542025844095,1740,27_01,1,75,sp,sp_27_01,-0.34274554610647,0.78152737217457,0.931352913433493,240,27_01,Rodrigues 2015 PhD thesis,NA,NA,NA,88,sp_27
0.7083333333333334,-0.38461538461538464,3.923076923076923,0.7222222222222222,78.25021126816706,49.65015187390878,0.248940602585273,0.1487351671128623,-0.5938786258145249,6.1119363818263786,0.23507447622409147,3.6657700432158733,0.7376071941230907,0.6145667161168371,0.22468808593596556,8,18,0.8354326501011489,0.8145396770869117,0.9841921057909886,1,0.498122955094759,0.565782183678492,8.738470589772627,20.370502065774033,0.8935160089842948,0.9514107769170356,8.777632270802076,3.4462404928506816,0.2706498794077398,0.31226492284807866,0.17137441158630556,0.20408744113168512,144,28_01,1,76,sp,sp_28_01,-0.753849898333275,0.420857602436734,0.877270817327261,102,28_01,Burns 2013 Ecology,NA,NA,NA,26,sp_28
0.3958333333333333,0.2,1.9,0.25,63.118034447821685,40.39007092198582,0.38680964414999,0.050126372642551466,0.247719252091273,3.249799366169412,0.1624899683084706,2.830172027338788,0.6200605012188258,0.6791956203292563,0.42378947063534506,12,8,0.7452479338842976,0.41735537190082644,0.9030090644444752,0.6019925135091833,0.2778563529089977,0.4480824642461395,5.535800107906847,2.5303058189766037,0.8450395032456196,0.710681027059137,3.5217052452197968,2.9778934871190272,0.12983233852535855,0.2431098328241756,0.08053593072410858,0.14993953348842634,96,29_01,1,77,sp,sp_29_01,-0.422399763278591,0.551958146015614,0.853220433684095,38,29_01,Albrecht et al 2015 J of Ecology,NA,Poland,NA,20,sp_29
0.4155844155844156,0.2222222222222222,1.7777777777777777,0.42857142857142855,62.48746867167919,41.914160401002505,0.273764624320407,-0.10981619460873346,0.20928740931034845,2.9614533911232233,0.16452518839573463,2.416148934776055,0.5562286290772626,0.5004176656901755,0.34838154097466195,11,7,0.7003154574132492,0.5414396329222827,0.7023111832416675,0.6668944535455184,0.32641158237234025,0.3762686642112443,4.64204403209946,2.626111378502153,0.8167621460599488,0.7185896174509021,2.624342668989069,3.2985641132573775,0.13569333196170552,0.19340962336840767,0.08371491606263042,0.11619895836347598,77,29_02,1,78,sp,sp_29_02,-0.381090100111235,0.538018793696877,0.937314195691176,32,29_02,Albrecht et al 2015 J of Ecology,NA,Poland,NA,18,sp_29
0.358974358974359,0.18181818181818182,1.9090909090909092,0.2222222222222222,68.60066833751044,49.83500417710944,0.310152433117417,-0.2807431346592708,0.6715774381822489,2.7197008869333175,0.12362276758787806,2.2398782316265566,0.4703478416148363,0.5600480601199573,0.40714005002563985,13,9,0.6382744300364438,0.6380038725576483,0.8848445760360976,0.5732547907704342,0.41476126662950824,0.4902133141495368,4.961086818253687,2.1227415663343474,0.8257482494757695,0.6748745872027584,2.336930249364632,3.1024715245020036,0.1276986446068464,0.19364492403639375,0.08673975151535605,0.12034366021291709,117,29_03,1,79,sp,sp_29_03,-0.429432764775883,0.531486421433457,0.955502920717007,42,29_03,Albrecht et al 2015 J of Ecology,NA,Poland,NA,22,sp_29
0.34615384615384615,0.23809523809523808,1.7142857142857142,0.25,57.02605570530098,34.056603773584904,0.367589893100097,0.04017312927200097,0.8786879779803831,3.4034196449640373,0.16206760214114463,2.8776876228073025,0.6196049568823573,0.6307938625575873,0.42705841336203004,13,8,0.7189625850340137,0.4228152799581371,0.7686564459425174,0.4525327497066007,0.3094023116418805,0.523453909989388,4.80263531546315,2.1646448821713804,0.8248973592819833,0.6790270628264072,3.7610128980792887,3.045826391848786,0.14398789568810408,0.2702689261539822,0.09314181468993865,0.16880697843700737,104,29_04,1,80,sp,sp_29_04,-0.405468635765463,0.544872817963343,0.80737190848824,36,29_04,Albrecht et al 2015 J of Ecology,NA,Poland,NA,21,sp_29
0.3625,0.1111111111111111,1.6111111111111112,0.3125,70.37671232876713,46.74657534246575,0.334528,-0.29735797548802345,0.08383487767146881,2.298781087006886,0.12771006038927146,1.9297394618394346,0.4403760229501776,0.497160606111916,0.36872567358868924,10,8,0.5328333333333334,0.8036,0.6118597083283115,0.3975696767001115,0.574996503717084,0.2456623990782159,2.3391218257184,2.7494404568357806,0.6953239747481286,0.7221516157408248,2.153555540214321,2.4440066337994515,0.23903800476039422,0.10820045008351827,0.15769162418989366,0.06568912720998828,80,29_05,1,81,sp,sp_29_05,-0.509072235535776,0.589945564018773,0.954743497455738,29,29_05,Albrecht et al 2015 J of Ecology,NA,Poland,NA,18,sp_29
0.375,0.1111111111111111,1.6666666666666667,0.3125,76.82648401826485,45.58382257012394,0.421395362199484,-0.14366522748206434,0.05883592304500058,2.8410021257195632,0.15783345142886462,2.5456277875608433,0.5809247637652238,0.5881296054117515,0.4853125177219453,10,8,0.5836980306345733,0.6312910284463895,0.6436232071327045,0.5804612593936254,0.4596803994976549,0.46689668261322137,3.8852437276949296,2.4422969614614476,0.7881685598211089,0.7047846426204425,2.6709711725772016,3.0110330788619244,0.16942417705096016,0.21426346379705327,0.10608322323984762,0.13268725446048404,80,29_06,1,82,sp,sp_29_06,-0.512450046111282,0.551743140418813,0.922785323384298,30,29_06,Albrecht et al 2015 J of Ecology,NA,Poland,NA,18,sp_29
0.375,0.15789473684210525,1.736842105263158,0.25,65.46184738955824,37.95180722891566,0.298030695266272,-0.05763996364615792,0.08375498293397225,3.6681506339081595,0.19306055967937683,2.8575116502669022,0.6382168169762585,0.6203573873685718,0.30476057991901045,11,8,0.6640625,0.5616258741258742,0.6665354330708662,0.5607334525939177,0.3474923931453193,0.46142060068512863,3.4951090513533494,2.495157631022635,0.7688472799795796,0.7081737667863583,3.5877718101036487,3.748529457712671,0.1770027409871374,0.27479955235451875,0.10781687160490855,0.174580438637261,88,29_07,1,83,sp,sp_29_07,-0.369009282060996,0.530070358693368,0.883620065830949,33,29_07,Albrecht et al 2015 J of Ecology,NA,Poland,NA,19,sp_29
0.3230769230769231,0.13043478260869565,1.826086956521739,0.2,65.71041424699962,39.78319783197832,0.263562123720133,-0.0740651189390224,-0.2126129266150397,3.112792275099258,0.13533879456953296,2.507708554792833,0.5151907152004074,0.40598090513392826,0.2774024642751062,13,10,0.6950749464668095,0.6066545873826389,0.7314565483476132,0.5005476581660594,0.4568865230614171,0.46758097528830367,3.6031944266399814,2.444912585455547,0.7712178428423881,0.6945757937757597,3.124907260937491,3.1006772892610255,0.20857316519335256,0.20974075976715326,0.13631450239141898,0.1353813802300317,130,29_08,1,84,sp,sp_29_08,-0.538347386172008,0.575504186523356,0.955243563162184,42,29_08,Albrecht et al 2015 J of Ecology,NA,Poland,NA,23,sp_29
0.475,0.30434782608695654,2.4782608695652173,0.375,62.2514619883041,37.82372598162072,0.408288717033512,-0.03644325705953277,-0.19336532954331265,3.175749099865081,0.1380760478202209,2.70205486725246,0.5643988569434643,0.3939709763374577,0.4130825832132792,15,8,0.8140243902439025,0.5107046070460705,0.9692062839209235,0.7755974926721285,0.3035013548100684,0.46261332883289974,8.021448380632958,3.704117682541546,0.88243076078436,0.7705730139263041,2.8885264181348536,3.462971781595308,0.17430419066928374,0.29602866313387566,0.10980660884558592,0.19161026336652517,120,29_09,1,85,sp,sp_29_09,-0.498884402889929,0.470621489946324,0.946162113962598,57,29_09,Albrecht et al 2015 J of Ecology,NA,Poland,NA,23,sp_29
0.2847222222222222,0.28,1.64,0.2222222222222222,67.34126984126985,49.635225885225886,0.324521706563466,-0.12622134416402794,-0.4501171686111718,3.918008791017697,0.15672035164070788,2.9793553861635824,0.5994904046833642,0.6190143077991339,0.3267583939573378,16,9,0.6263190564866542,0.5405027932960894,0.5855773214180031,0.4296439390613338,0.48566982250680196,0.507020052647114,2.933050167354514,2.1975233990608154,0.7309897918020367,0.681680515495223,3.2699009774191867,4.566116604616208,0.22392402398884542,0.20565862896859,0.15124214675190883,0.12976791261070153,144,29_10,1,86,sp,sp_29_10,-0.572368421052632,0.684090292119335,0.88959602921832,41,29_10,Albrecht et al 2015 J of Ecology,NA,Poland,NA,25,sp_29
0.35833333333333334,0.5384615384615384,1.6538461538461537,0.25,57.588955759687465,44.57575757575757,0.212840800382653,-0.5952307122152354,0.7637427625801039,3.813895320052466,0.14668828154047947,2.6811585040364827,0.5600340738088547,0.449354438683623,0.2579690585722428,20,6,0.7087053571428571,0.5948660714285714,0.8325717097862767,0.3719493645213629,0.48778030889835594,0.6363776536898295,6.167691154900364,1.8725344882860198,0.8476271968809705,0.6507216065664799,2.441453538594915,5.186337101510017,0.2138768103581204,0.3065696256232524,0.1451866620960636,0.19441778386935935,120,29_11,1,87,sp,sp_29_11,-0.696733207371505,0.658825212929097,0.949671037685593,43,29_11,Albrecht et al 2015 J of Ecology,NA,Poland,NA,26,sp_29
0.38181818181818183,0.375,1.3125,0.4,53.97435897435898,31.153846153846153,0.426597294484912,-0.3498661446472853,0.08414092014154151,3.014292039249465,0.18839325245309158,2.4975431741488445,0.6232432040721262,0.7266311796281029,0.5701446548316257,11,5,0.5277419354838709,0.5917888563049853,0.4654775604142693,0.17294281729428174,0.32987808178957234,0.2981726158676442,3.41054772715747,1.7928240326990827,0.7540900729027371,0.6422369074514199,1.7817400811072956,4.246843997391635,0.175216816294441,0.13074838006891035,0.11552324087762701,0.07808626061202317,55,29_12,1,88,sp,sp_29_12,-0.578671328671328,0.62739096592783306,0.839578069940784,21,29_12,Albrecht et al 2015 J of Ecology,NA,Poland,NA,16,sp_29
0.3684210526315789,0.4074074074074074,2.074074074074074,0.125,56.19486320491345,34.65282763021456,0.417121790409821,0.018459958578508684,-0.6480322292756294,3.081484444397552,0.11412905349620564,2.717378737231415,0.5408923890518142,0.4495734838445013,0.4333584377656494,19,8,0.8988131466828971,0.4121472274722106,0.9916574456589697,0.589225165551803,0.21266314197112382,0.48203907746967123,7.6579155283120555,1.991577021394756,0.8840781439975376,0.6637512694827701,3.3213503243036935,2.841618564491411,0.0794171170153403,0.2639261686285068,0.04767041839606003,0.16270018316140145,152,29_13,1,89,sp,sp_29_13,-0.418947550482121,0.550968718384187,0.965393580313857,56,29_13,Albrecht et al 2015 J of Ecology,NA,Poland,NA,27,sp_29
0.20855614973262032,-0.1282051282051282,2,0.13636363636363635,48.41297364458128,26.345136849224044,0.361285609934259,0.04027054974743776,-0.43765474432424367,4.427504155179515,0.11352574756870552,3.5249978867620677,0.5950110878568832,0.4538400880565424,0.42384746942280827,17,22,0.4002457002457003,0.4276629570747218,0.6349533233354621,0.6924842115412428,0.29431577468924913,0.23800678048611953,2.477108607289558,2.847920169611541,0.7043351048398669,0.7302491847757514,4.778465742845009,4.0765425675140214,0.14995357097534887,0.13724113730067583,0.0889128898841942,0.08673743115264002,374,30_01,1,90,sp,sp_30_01,-0.363263225667991,0.647519585945485,0.956216899059472,78,30_01,Andrade et al 2011 Rev. Brasileira de Ornitologia,NA,NA,NA,39,sp_30
0.13970588235294118,-0.25925925925925924,1.7592592592592593,0.058823529411764705,44.23646777841185,25.845750639359164,0.501638142574275,0.10544874017557555,-0.6874951696274024,4.98649196823756,0.09234244385625112,3.6510869473634457,0.5598029743440327,0.5246514694622431,0.49479179903982695,20,34,0.3751399079716453,0.2971458773784355,0.48719894941024805,0.6348042692007659,0.18470912922316055,0.27439299275464857,1.956899050859845,2.2005704419228613,0.6571977676289846,0.6839197761120744,7.105417455151188,2.8675664813239328,0.09749965630723187,0.15826420659234094,0.06335911684122655,0.10603889986571403,680,32_01,1,91,sp,sp_32_01,-0.544998265485361,0.768357354407698,0.954014116408739,95,32_01,Yang et al 2013 Ecosphere,NA,NA,NA,54,sp_32
0.2619047619047619,-0.4,1.1,0.17857142857142855,40.70754716981132,22.169811320754718,0.401632653061225,0.28846780150092016,-0.18772426586549643,3.7986064616216897,0.18993032308108448,2.9143943095713007,0.6577555430258633,0.8099407695885031,0.5574721050222159,6,14,0.436734693877551,0.3714285714285714,0.11646586345381527,0.3842105263157895,0.2520500857804583,0.4052803729065765,1.4948430763885046,2.39555187754322,0.5975637851507277,0.6970608595194744,5.597218188353144,1.999994734890235,0.15958705209479204,0.3401844187558473,0.11785747074749632,0.26679471322328463,84,33_01,1,92,sp,sp_33_01,-0.573710965867829,0.777184558460935,0.881799312160447,22,33_01,Garcia et al 2000 Rev. Biología Tropical,NA,NA,NA,20,sp_33
0.1414141414141414,-0.6210526315789474,2.0631578947368423,0.1038961038961039,26.48064062890305,15.872042233685624,0.446261737534569,0.10596537815021839,0.09488181301270761,5.382996065831407,0.05666311648243587,4.005949446300905,0.5537532945024478,0.37322715570148257,0.4649026003238479,18,77,0.2700759042222457,0.37845026598414133,0.6079387642884218,0.9766185949922439,0.18891522503288952,0.19082081095661715,1.9353776892344652,8.328283692433027,0.6549011106178652,0.8866946585662419,7.462877711951872,3.3031144197109428,0.10470053567156945,0.11674605086588995,0.06285263016897845,0.08251876176210662,1386,34_01,1,93,sp,sp_34_01,-0.532431480549186,0.861292911836329,0.977266228153698,196,34_01,Gorchov et al 1995 Oikos,NA,NA,NA,95,sp_34
0.19387755102040816,-0.42857142857142855,1.9387755102040816,0.2,21.849576565320007,11.676558378453421,0.573668639053254,0.055043717828477993,-0.01239378602711858,4.382481107043931,0.08943838993967207,4.098512517659676,0.6616474477994688,0.7095126428912886,0.5809764859421201,14,35,0.2421978021978022,0.286996336996337,0.41359535414290155,0.7493204374486377,0.15017619298976534,0.16227914798251386,2.556623770611225,6.599363531979271,0.7135678229942579,0.8640481656570577,5.671860973604027,3.0931012404838345,0.11004723873605061,0.09816670097247424,0.06905560598024234,0.06337383046339372,490,35_01,1,94,sp,sp_35_01,-0.574681238615665,0.74151966320262,0.914871006650518,95,35_01,Palmeirim et al 1989 Oecologia,NA,NA,NA,49,sp_35
0.24285714285714285,-0.42857142857142855,2.4285714285714284,0.15714285714285714,50.14813903297868,32.867373151629714,0.360268004424693,0.11790701236747594,-0.6237759308896416,5.9397763593792625,0.1212199257016176,3.988502627305333,0.6438878916502506,0.6147665223530547,0.35897978468818376,14,35,0.4705475141598489,0.4347860289490245,0.6743041518163415,0.8996950837475459,0.24826346425084964,0.31239080807635194,2.9174301883370255,5.570513166796358,0.733497515685617,0.8331821084075313,8.2350541090678675,3.644498609690658,0.13157196173741448,0.14893241902102122,0.07934964398187296,0.0948013918407597,490,36_01,1,95,sp,sp_36_01,-0.590893394504465,0.70498272741111,0.895419010271715,119,36_01,Lopez & Vaughan 2004 Acta Chiropterologica,NA,NA,NA,49,sp_36
0.15038759689922482,-0.4827586206896552,1.6724137931034482,0.09302325581395349,31.781970509649078,20.03098092383807,0.52636939791761,0.1400640653135518,-0.19094983840339233,4.837431712208543,0.08340399503807833,3.6408713964014625,0.5627964938918596,0.547419294399631,0.5235433751242685,15,43,0.3233960085766122,0.36725768321512997,0.26237124524945066,0.5877120677140362,0.3105339344057167,0.2518023668111932,1.6684708894327562,3.8389640635403532,0.6251268343900851,0.7789932742681525,6.749336436384693,2.9255269880323937,0.15605335179096286,0.12111509135716365,0.09889006533318609,0.08817546599921273,645,37_01,1,96,sp,sp_37_01,-0.537341231249816,0.764680016703519,0.940872847042066,97.00000000000001,37_01,Heleno et al 2013 Proc Biol Sci,NA,NA,NA,58,sp_37
0.3051948051948052,-0.5172413793103449,1.6206896551724137,0.3181818181818182,59.12068531116151,40.4517825648778,0.158659120465559,0.8523187071690714,-0.29618671880312103,4.852406198512831,0.16732435167285625,2.948746505230151,0.5854227224248958,0.6102588202816904,0.23223058518091724,7,22,0.6810830678755208,0.5090489025798999,0.3852322884716092,0.807825086306099,0.3446619738614141,0.5624939202831064,1.7253038905974767,4.353808326061047,0.6292227165883558,0.7925126142108153,7.501862871644438,2.2029495253812232,0.14575846863639125,0.249103378271976,0.08494227549034007,0.17956413937748697,154,38_01,1,97,sp,sp_38_01,-0.599040127982935,0.75070870269092,0.925561271052722,47,38_01,Hernandez-Montero et al 2015 PloS ONE,NA,Mexico,NA,29,sp_38
0.2982456140350877,-0.52,1.36,0.3157894736842105,31.70762928827445,20.107526881720432,0.310660932548665,0.3174857591795801,-0.46843960567782017,4.214680302479135,0.16858721209916538,3.1013001188473073,0.6548078913159993,0.6988855816192312,0.4236636900691664,6,19,0.4305711086226204,0.5195035460992907,0.33004452981751503,0.7821144372868511,0.28013276771734613,0.2963573438343692,1.5784608710770336,5.917556179117828,0.6175238443827612,0.8454756281904916,6.121884702870528,2.307475902087742,0.1446913227715858,0.18126989925285786,0.08523712835741616,0.1364202538361477,114,38_02,1,98,sp,sp_38_02,-0.55568732088151,0.733846301924505,0.899734714399292,34,38_02,Hernandez-Montero et al 2015 PloS ONE,NA,Mexico,NA,25,sp_38
0.2976190476190476,-0.5483870967741935,1.6129032258064515,0.20833333333333334,58.34574703261571,25.21919532020542,0.372346143509809,0.4670226945756504,-0.9153377798376792,6.0883959740918066,0.19639987013199375,3.5432005969830325,0.6914960002110859,0.6650052277349633,0.46678411390166363,7,24,0.6079234972677596,0.40398126463700235,0.24827636790376997,0.6903277699577719,0.20456981628978568,0.4893973473031018,1.8730795402697689,4.141207469495688,0.6477114326668855,0.7815773920379477,9.976498933625152,2.200293014558461,0.11387978587050633,0.3218101374505479,0.06390815055966907,0.22431766204387968,168,39_01,1,99,sp,sp_39_01,-0.600030794498049,0.771401195807553,0.908850028923124,50,39_01,Passos et al 2003 Rev. Brasileira de Zoologia,NA,NA,NA,31,sp_39
0.32967032967032966,-0.3,1.5,0.15384615384615385,64.05723905723904,19.90740740740741,0.415809327846365,0.2951425964958184,-0.550279061313157,3.6903291594124457,0.18451645797062227,2.8278238629498236,0.6268924711276109,0.6048888985821009,0.515596860828007,7,13,0.6096866096866097,0.3862433862433862,0.23964250549117622,0.5756551141166526,0.22522164081723,0.4340677207860793,2.04164137037645,2.691340363679645,0.6634659975097353,0.7173375046299975,5.343178358696251,2.0374799601286404,0.1695363583376819,0.3050359417610685,0.12110070189270093,0.20799332262494502,91,40_01,1,100,sp,sp_40_01,-0.56011556411586,0.711190874130626,0.92421810416074,30,40_01,Pedro 1992 PhD thesis,NA,NA,NA,20,sp_40
0.2529411764705882,0.08108108108108109,2.324324324324324,0.11764705882352941,62.04766773785178,39.74900185022885,0.262558662171988,0.1215636488047893,-0.250211325111876,6.422528389827845,0.17358184837372556,3.818092146126912,0.655022777119729,0.6486708999843156,0.27010746569423966,20,17,0.7191535150645625,0.3544715447154472,0.8581708593904751,0.6659865561042749,0.2742996298047328,0.6019896657090151,4.701122321235429,2.343452475799105,0.8098107549388083,0.6965108157674865,8.70583571056782,4.139221069087871,0.1482248407364312,0.3170146012317786,0.10328783480796012,0.21060607851122273,340,41_01,1,101,sp,sp_41_01,-0.453097919529356,0.655815845243103,0.904021292336849,86,41_01,Poulin et al 1999 J Tropical Ecol,NA,NA,NA,37,sp_41
0.09285714285714286,-0.47368421052631576,1.368421052631579,0.05357142857142857,23.088242040554178,12.573332415817966,0.302043509480099,0.8393381367244016,-0.04755753489425412,5.867719936708086,0.07720684127247482,3.3969831183461694,0.48382602111355066,0.36726408836932856,0.6043407766472082,20,56,0.43309471365638763,0.20726872246696038,0.12281875739949555,0.4200902398480171,0.16595875960443254,0.2884245755750751,1.5061996438466476,2.9639347690743887,0.6039951550874849,0.7396166986903246,9.876792989878453,1.8586468835377206,0.10227913992304576,0.15126818505102912,0.06472326962562856,0.11305214159401594,1120,42_01,1,102,sp,sp_42_01,-0.390918058060298,0.89958826179193,0.977419255138938,104,42_01,Sarmento et al 2014 Zoologia,NA,NA,NA,76,sp_42
0.2032258064516129,0.01639344262295082,3.098360655737705,0.1,55.66721376414359,33.64919586586253,0.390494664940968,0.01958658950408056,0.6760872382225521,6.36365514827167,0.10432221554543722,4.193199637105687,0.6134727722794701,0.5484694597635207,0.3642737669806495,31,30,0.5080198143967896,0.404730697347023,0.8508335897031961,0.7964285590965886,0.2591319167906788,0.36336705750594145,4.865778725467408,3.823655275720564,0.8150806512539014,0.7813243296397068,7.56616556378526,5.16114473275808,0.10058220351047578,0.19052554534182042,0.05900800838990278,0.11658095244088196,930,43_01,1,103,sp,sp_43_01,-0.381263988555343,0.715874694569406,0.885939855040295,189,43_01,Stiebel & Barlein 2008 Vogelwarte,NA,NA,NA,61,sp_43
0.08604336043360433,0.06493506493506493,1.6493506493506493,0.05555555555555555,23.368201721649996,11.081034482758621,0.48326732065799,-0.04804577461691702,0.28882746792040326,5.7077556123952835,0.07412669626487381,4.298642400617618,0.5890898712346698,0.592440985876999,0.5337723834761353,41,36,0.16166231505657094,0.24281984334203655,0.45963863252307297,0.40953491176588813,0.12641883072658164,0.1203413000737545,2.1429070691169017,1.9161614290529243,0.675690868033177,0.6542996565180502,4.359684142535685,7.055827082254883,0.08348856668154721,0.0860464415403041,0.05426656345835149,0.057017141555991316,1476,45_01,1,104,sp,sp_45_01,-0.258560470596099,0.822994930100463,0.961176051014304,127,45_01,Saavedra et al 2014 Oecologia,NA,Bolivia,NA,77,sp_45
0.11304347826086956,0.06976744186046512,1.2093023255813953,0.05,22.769536708588625,10.34612490594432,0.575361604207757,-0.04511977315487837,0.06996162765315428,3.1855230209414995,0.07408193071956976,3.344473661661659,0.5454819957146284,0.5520160173804686,0.6526840853662967,23,20,0.1919871794871795,0.22770345596432554,0.17947236664740998,0.12358642972536349,0.12149001936863374,0.20624893481656464,2.0516740157172784,1.516510335884996,0.6682020502043176,0.6025604881803054,3.0148675467975647,3.3561784950854343,0.06395292143405232,0.16214715481380446,0.041765037201076174,0.12046915112134678,460,45_02,1,105,sp,sp_45_02,-0.44906015037594,0.704957910754653,0.961597580854798,52,45_02,Saavedra et al 2014 Oecologia,NA,Bolivia,NA,43,sp_45
